DROP TABLE CAMPINGCARCOMPANY CASCADE CONSTRAINTS;
CREATE TABLE CAMPINGCARCOMPANY(
	COMPANYID 	VARCHAR2(30) NOT NULL PRIMARY KEY,
	COMPANYNAME VARCHAR2(30) NOT NULL,
	ADDR 		VARCHAR2(30) NOT NULL,
	TEL 		VARCHAR2(30) NOT NULL,
	CHARGENAME 	VARCHAR2(50) NOT NULL,
	CHARGEEMAIL VARCHAR2(50) NOT NULL
);
INSERT INTO CAMPINGCARCOMPANY VALUES ('12312300', 'ABC', 'Gwnag-jin GU', '23456789', 'One Kim', 'one@naver.com');
INSERT INTO CAMPINGCARCOMPANY VALUES ('34243200', 'BCD', 'Gwnag-jin GU', '33456789', 'Two Kim', 'fwo@naver.com');
INSERT INTO CAMPINGCARCOMPANY VALUES ('23424300', 'CDE', 'Gwnag-jin GU', '43456789', 'Three Kim', 'three@naver.com');
INSERT INTO CAMPINGCARCOMPANY VALUES ('56756700', 'EFG', 'Gwnag-jin GU', '53456789', 'Four Kim', 'four@naver.com');
INSERT INTO CAMPINGCARCOMPANY VALUES ('78998900', 'FGH', 'Gwnag-jin GU', '63456789', 'Five Kim', 'five@naver.com');
INSERT INTO CAMPINGCARCOMPANY VALUES ('97787700', 'GHI', 'Gwnag-jin GU', '73456789', 'Six Kim', 'six@naver.com');
INSERT INTO CAMPINGCARCOMPANY VALUES ('56456400', 'HIJ', 'Songpa GU', '83456789', 'Seven Kim', 'seven@naver.com');
INSERT INTO CAMPINGCARCOMPANY VALUES ('34345400', 'IJK', 'Songpa GU', '93456789', 'Eight Kim', 'eight@naver.com');
INSERT INTO CAMPINGCARCOMPANY VALUES ('32432400', 'JKL', 'Songpa GU', '23456788', 'Nine Kim', 'nine@naver.com');
INSERT INTO CAMPINGCARCOMPANY VALUES ('23542100', 'KLM', 'Songpa GU', '23456787', 'Ten Kim', 'ten@naver.com');
INSERT INTO CAMPINGCARCOMPANY VALUES ('12424200', 'LMN', 'Songpa GU', '23456786', 'Eleven Kim', 'eleven@naver.com');
INSERT INTO CAMPINGCARCOMPANY VALUES ('43553500', 'MNO', 'Songpa GU', '23456785', 'Twelve Kim', 'twelve@naver.com');

DROP TABLE CAMPINGCAR CASCADE CONSTRAINTS;
CREATE TABLE CAMPINGCAR(
	CARID 			 VARCHAR2(30) NOT NULL PRIMARY KEY,
	CARNO 			 VARCHAR2(30) NOT NULL,
	CARNAME 		 VARCHAR2(30) NOT NULL,
	PASSENGERNO 	 VARCHAR2(30) NOT NULL,
	CARCOST 		 VARCHAR2(30) NOT NULL,
	COMPANYID 		 VARCHAR2(50) NOT NULL,
	REGISTRATIONDATE VARCHAR2(50) NOT NULL
);
INSERT INTO CAMPINGCAR VALUES ('12345000', '10-2018', 'AA', '6', '500000', '12312300', '2018.4.16');
INSERT INTO CAMPINGCAR VALUES ('23456000', '11-2015', 'BB', '8', '600000', '34242300', '2018.4.17');
INSERT INTO CAMPINGCAR VALUES ('34567000', '12-2016', 'CC', '10', '800000', '23424300', '2018.4.18');
INSERT INTO CAMPINGCAR VALUES ('45678000', '13-2017', 'DD', '6', '500000', '56756700', '2018.4.19');
INSERT INTO CAMPINGCAR VALUES ('56789000', '14-2018', 'EE', '8', '600000', '78998900', '2018.4.20');
INSERT INTO CAMPINGCAR VALUES ('12323000', '14-2019', 'FF', '6', '500000', '97787700', '2018.4.21');
INSERT INTO CAMPINGCAR VALUES ('33433000', '14-2020', 'GG', '8', '600000', '56456400', '2018.4.20');
INSERT INTO CAMPINGCAR VALUES ('23434000', '14-2021', 'HH', '12', '900000', '34345400', '2018.4.19');
INSERT INTO CAMPINGCAR VALUES ('57654000', '14-2022', 'II', '8', '500000', '32432400', '2018.4.18');
INSERT INTO CAMPINGCAR VALUES ('67676000', '14-2023', 'JJ', '12', '900000', '23542100', '2018.4.17');
INSERT INTO CAMPINGCAR VALUES ('45665000', '14-2024', 'KK', '10', '700000', '12424200', '2018.4.16');
INSERT INTO CAMPINGCAR VALUES ('87987000', '14-2025', 'LL', '6', '500000', '43553500', '2018.4.21');


DROP TABLE RENT CASCADE CONSTRAINTS;
CREATE TABLE RENT(
	RENTID 			VARCHAR2(30) NOT NULL PRIMARY KEY,
	CARID			VARCHAR2(30) NOT NULL,
	COMPANYID 		VARCHAR2(30) NOT NULL,
	CUSLICENCE 		VARCHAR2(30) NOT NULL,
	STARTDATE 		VARCHAR2(50) NOT NULL,
	RENTPAYMENTDUE 	VARCHAR2(50) NOT NULL,
	RENTPERIOD 		VARCHAR2(50) NOT NULL,
	RENTCOSTS		VARCHAR2(50) NOT NULL
);
INSERT INTO RENT VALUES ('11111', '12345000', '12312300', '919191', '2015.5.16', '2018.5.26', '7', '500000');
INSERT INTO RENT VALUES ('22222', '23456000', '34243200', '929292', '2015.5.17', '2018.5.27', '7', '600000');
INSERT INTO RENT VALUES ('33333', '34567000', '23424300', '939393', '2015.5.18', '2018.5.28', '7', '800000');
INSERT INTO RENT VALUES ('44444', '45678000', '56756700', '949494', '2015.5.19', '2018.5.29', '7', '500000');
INSERT INTO RENT VALUES ('55555', '5678900', '78998900', '959595', '2015.5.20', '2018.5.30', '7', '500000');
INSERT INTO RENT VALUES ('66666', '12323000', '97787700', '969696', '2015.5.21', '2018.5.31', '7', '500000');
INSERT INTO RENT VALUES ('77777', '33433000', '56456400', '979797', '2015.5.22', '2018.6.1', '7', '600000');
INSERT INTO RENT VALUES ('88888', '23434000', '34345400', '989898', '2015.5.23', '2018.6.2', '7', '900000');
INSERT INTO RENT VALUES ('99999', '57654000', '32432400', '818181', '2015.5.24', '2018.6.3', '7', '500000');
INSERT INTO RENT VALUES ('10101', '67676000', '23542100', '828282', '2015.5.25', '2018.6.4', '7', '900000');
INSERT INTO RENT VALUES ('12121', '45665000', '12424200', '838383', '2015.5.26', '2018.6.5', '7', '700000');
INSERT INTO RENT VALUES ('13131', '87987000', '43553500', '848484', '2015.5.27', '2018.6.6', '7', '500000');

DROP TABLE CUSTOMER CASCADE CONSTRAINTS;
CREATE TABLE CUSTOMER(
	CUSLICENCE 	VARCHAR2(30) NOT NULL PRIMARY KEY,
	CUSNAME		VARCHAR2(30) NOT NULL,
	CUSADDR 	VARCHAR2(30) NOT NULL,
	CUSTEL 		VARCHAR2(30) NOT NULL,
	CUSEMAIL 	VARCHAR2(50) NOT NULL,
	CUSPREVDATE VARCHAR2(50) NOT NULL,
	CUSPREVSORT VARCHAR2(50) NOT NULL
);
INSERT INTO CUSTOMER VALUES ('919191', 'One Lee', 'Seocho Gu', '1111', 'lee1@naver.com', '2018.5.16', '12345000');
INSERT INTO CUSTOMER VALUES ('929292', 'Two Lee', 'Seocho Gu', '2222', 'lee2@naver.com', '2018.5.17', '23456000');
INSERT INTO CUSTOMER VALUES ('939393', 'Three Lee', 'Seocho Gu', '3333', 'lee3@naver.com', '2018.5.18', '34567000');
INSERT INTO CUSTOMER VALUES ('949494', 'Four Lee', 'Seocho Gu', '4444', 'lee4@naver.com', '2018.5.19', '45678000');
INSERT INTO CUSTOMER VALUES ('959595', 'Five Lee', 'Seocho Gu', '5555', 'lee5@naver.com', '2018.5.20', '56789000');
INSERT INTO CUSTOMER VALUES ('969696', 'Six Lee', 'Seocho Gu', '6666', 'lee6@naver.com', '2018.5.21', '12323000');
INSERT INTO CUSTOMER VALUES ('979797', 'Seven Lee', 'Seongdong Gu', '7777', 'lee7@naver.com', '2018.5.16', '33433000');
INSERT INTO CUSTOMER VALUES ('989898', 'Eight Lee', 'Seongdong Gu', '8888', 'lee8@naver.com', '2018.5.23', '23434000');
INSERT INTO CUSTOMER VALUES ('818181', 'Nine Lee', 'Seongdong Gu', '9999', 'lee9@naver.com', '2018.5.18', '57654000');
INSERT INTO CUSTOMER VALUES ('828282', 'Ten Lee', 'Seongdong Gu', '1010', 'lee10@naver.com', '2018.5.25', '67676000');
INSERT INTO CUSTOMER VALUES ('838383', 'Eleven Lee', 'Seongdong Gu', '1212', 'lee11@naver.com', '2018.5.20', '45665000');
INSERT INTO CUSTOMER VALUES ('848484', 'Twelve Lee', 'Seongdong Gu', '1313', 'lee12@naver.com', '2018.5.27', '87987000');

DROP TABLE REPAIR CASCADE CONSTRAINTS;
CREATE TABLE REPAIR(
	REPAIRID 	VARCHAR2(30) NOT NULL PRIMARY KEY,
	CARID		VARCHAR2(30) NOT NULL,
	SHOPID 		VARCHAR2(30) NOT NULL,
	COMPANYID 	VARCHAR2(30) NOT NULL,
	CUSLICENCE 	VARCHAR2(50) NOT NULL,
	REPAIRDATE 	VARCHAR2(50) NOT NULL,
	REPAIRCOSTS VARCHAR2(50) NOT NULL
);
INSERT INTO REPAIR VALUES ('11111111', '12345000', 'aaaa1234', '12312300', '919191', '2018.5.16', '100000');
INSERT INTO REPAIR VALUES ('22222222', '23456000', 'bbbb1234', '34242300', '929292', '2018.5.17', '100000');
INSERT INTO REPAIR VALUES ('33333333', '34567000', 'cccc1234', '23424300', '939393', '2018.5.18', '100000');
INSERT INTO REPAIR VALUES ('44444444', '45678000', 'dddd1234', '56756700', '949494', '2018.5.19', '100000');
INSERT INTO REPAIR VALUES ('55555555', '56789000', 'eeee1234', '78998900', '959595', '2018.5.20', '100000');
INSERT INTO REPAIR VALUES ('66666666', '12323000', 'ffff1234', '97787700', '969696', '2018.5.21', '100000');
INSERT INTO REPAIR VALUES ('77777777', '33433000', 'gggg1234', '56456400', '979797', '2018.5.22', '200000');
INSERT INTO REPAIR VALUES ('88888888', '23434000', 'eeee1234', '34345400', '989898', '2018.5.21', '200000');
INSERT INTO REPAIR VALUES ('99999999', '57654000', 'iiii1234', '32432400', '818181', '2018.5.20', '200000');
INSERT INTO REPAIR VALUES ('10101010', '67676000', 'cccc1234', '23542100', '828282', '2018.5.19', '200000');
INSERT INTO REPAIR VALUES ('12121212', '45665000', 'kkkk1234', '12424200', '838383', '2018.5.18', '200000');
INSERT INTO REPAIR VALUES ('13131313', '87987000', 'aaaa1234', '43553500', '848484', '2018.5.17', '200000');

DROP TABLE REPAIRSHOP CASCADE CONSTRAINTS;
CREATE TABLE REPAIRSHOP(
	SHOPID 			VARCHAR2(30) NOT NULL PRIMARY KEY,
	SHOPNAME		VARCHAR2(30) NOT NULL,
	SHOPADDR 		VARCHAR2(30) NOT NULL,
	SHOPTEL 		VARCHAR2(30) NOT NULL,
	SHOPCHARGENAME 	VARCHAR2(50) NOT NULL,
	SHOPCHARGEEMAIL VARCHAR2(50) NOT NULL
);
INSERT INTO REPAIRSHOP VALUES ('aaaa1234', 'FixCars', 'Gang-Nam GU', '66778899', 'One Park', '1one@naver.com');
INSERT INTO REPAIRSHOP VALUES ('bbbb1234', 'FixCars1', 'Gang-Nam GU', '66770899', 'Two Park', '2two@naver.com');
INSERT INTO REPAIRSHOP VALUES ('cccc1234', 'FixCars2', 'Gang-Nam GU', '66771899', 'Three Park', '3three@naver.com');
INSERT INTO REPAIRSHOP VALUES ('dddd1234', 'FixCars3', 'Gang-Nam GU', '66772899', 'four Park', '4four@naver.com');
INSERT INTO REPAIRSHOP VALUES ('eeee1234', 'FixCars4', 'Gang-Nam GU', '66773899', 'five Park', '5five@naver.com');
INSERT INTO REPAIRSHOP VALUES ('ffff1234', 'FixCars5', 'Gang-Nam GU', '66774899', 'Six Park', '6six@naver.com');
INSERT INTO REPAIRSHOP VALUES ('gggg1234', 'FixCars6', 'Ma-Po GU', '66775899', 'Seven Park', '7seven@naver.com');
INSERT INTO REPAIRSHOP VALUES ('hhhh1234', 'FixCars7', 'Ma-Po GU', '66776899', 'Eight Park', '8eight@naver.com');
INSERT INTO REPAIRSHOP VALUES ('iiii1234', 'FixCars8', 'Ma-Po GU', '66777899', 'Nine Park', '9nine@naver.com');
INSERT INTO REPAIRSHOP VALUES ('jjjj1234', 'FixCars9', 'Ma-po GU', '66778799', 'Ten Park', '10ten@naver.com');
INSERT INTO REPAIRSHOP VALUES ('kkkk1234', 'FixCars10', 'Ma-Po GU', '66778699', 'Eleven Park', '11eleven@naver.com');
INSERT INTO REPAIRSHOP VALUES ('llll1234', 'FixCars11', 'Ma-Po GU', '66778599', 'Twelve Park', '12twelve@naver.com');
